{ "hora": [1239.7099415204677, 2400.0, 100.0], "temperatura": [12.027863157894647, 36.909999999999997, -9.2699999999999996], "radiacion": [197.26582923976608, 1051.0, 0.0], "fecha": [20150669.680467837, 20151231.0, 20150101.0], "humedad": [68.5044812865495, 100.0, 6.79], "codigo": [1.0, 1, 1] }