{"hora": [1390.4, 2000.0, 800.0], "temperatura": [15.675457142857143, 36.909999999999997, -7.9100000000000001], "radiacion": [357.95141648351637, 1051.0, 0.0], "fecha": [20150669.86813187, 20151231.0, 20150101.0], "humedad": [55.98707032967033, 100.0, 6.79], "codigo": [1.0, 1, 1]}