{"hora": [1241.065637065637, 2400.0, 100.0], "temperatura": [1.5394715940430226, 112.90000000000001, -39.799999999999997], "radiacion": [80.150833701047986, 916.0, 0.0], "fecha": [20150116.062617209, 20150131.0, 20150101.0], "humedad": [82.629346800882516, 100.0, -6999.0], "codigo": [26.416092112520683, 52, 0]}