{"temperatura0": [3.4212015202784083e-07, 0.72927654489800009, -0.27072345510200002], "fecha": [-2.0598448777610791e-05, 0.49791275970600002, -0.50208724029399998], "targetHour": [6.5543666597957796e-06, 0.503884505624, -0.496115494376], "humedad0": [-3.6736648162118493e-08, 0.0024469155091, -0.997553084491], "hora0": [-1.9826254136155387e-05, 0.503884505624, -0.496115494376], "codigo": [-2.0353774765631997e-05, 0.49199822860499998, -0.50800177139500002], "radiacion0": [3.6198785080579792e-06, 0.91249908984599992, -0.087500910153999995]}