{"hora": [1238.6181689233208, 2400.0, 100.0], "temperatura": [11.977607484254641, 133.59999999999999, -28.550000000000001], "radiacion": [189.37926002153569, 1963.0, 0.0], "fecha": [20152811.93545533, 20160320.0, 20140627.0], "humedad": [72.598714262152114, 100.0, -1.8400000000000001], "codigo": [27.086265334469022, 54, 0]}