{"hora": [1238.7724588078177, 2400.0, 100.0], "temperatura": [14.145926096987635, 133.59999999999999, -11.93], "radiacion": [191.18576021716439, 1332.0, 0.0], "fecha": [20150945.632171188, 20151231.0, 20150621.0], "humedad": [70.756357179738018, 100.0, 0.0], "codigo": [25.542004806026924, 51, 0]}