{"temperatura2": [4.8528493222085558e-08, 0.72927654489800009, -0.27072345510200002], "humedad2": [-6.1488443781845179e-08, 0.0024469155091, -0.997553084491], "temperatura0": [4.8743233358992844e-07, 0.72927654489800009, -0.27072345510200002], "temperatura1": [2.7701135662382522e-07, 0.72927654489800009, -0.27072345510200002], "hora2": [-6.323560100676961e-06, 0.503884505624, -0.496115494376], "fecha": [-3.4331700054030147e-05, 0.49791275970600002, -0.50208724029399998], "targetHour": [1.8858636086622462e-05, 0.503884505624, -0.496115494376], "humedad0": [-4.6142201027502119e-08, 0.0024469155091, -0.997553084491], "humedad1": [-5.740906279659565e-08, 0.0024469155091, -0.997553084491], "hora1": [-1.891465819431264e-05, 0.503884505624, -0.496115494376], "hora0": [-3.1505756287962205e-05, 0.503884505624, -0.496115494376], "codigo": [-3.3923893565318581e-05, 0.49199822860499998, -0.50800177139500002], "radiacion2": [6.0332972499046811e-06, 0.91249908984599992, -0.087500910153999995], "radiacion0": [6.0332972499046811e-06, 0.91249908984599992, -0.087500910153999995], "radiacion1": [6.0332972499051716e-06, 0.91249908984599992, -0.087500910153999995]}