{"hora": [1240.277934537246, 2400.0, 100.0], "temperatura": [19.905287264253985, 38.289999999999999, -0.48999999999999999], "radiacion": [285.69236401368966, 1332.0, 0.0], "fecha": [20150782.41325184, 20150920.0, 20150621.0], "humedad": [58.153754733124593, 100.0, 0.0], "codigo": [25.449555814461515, 51, 0]}