{"hora": [1237.8308940579445, 2400.0, 100.0], "temperatura": [4.8882210977221625, 20.48, -11.380000000000001], "radiacion": [98.521231536598762, 1000.0, 0.0], "fecha": [20159089.714358762, 20160320.0, 20151221.0], "humedad": [85.003579994404305, 100.0, 0.0], "codigo": [26.725304145642589, 52, 0]}