{"hora": [1239.386904957533, 2400.0, 100.0], "temperatura": [11.755889104211153, 133.59999999999999, -39.799999999999997], "radiacion": [192.42843796547459, 1963.0, 0.0], "fecha": [20150669.711776193, 20151231.0, 20120414.0], "humedad": [71.328528861808195, 100.0, -6999.0], "codigo": [27.00277009610825, 54, 0]}