{"temperatura2": [1.3427658545356445e-07, 0.72927654489800009, -0.27072345510200002], "humedad2": [-6.8425603943277604e-08, 0.0024469155091, -0.997553084491], "temperatura0": [5.5151191587919252e-07, 0.72927654489800009, -0.27072345510200002], "temperatura1": [3.3657250323618823e-07, 0.72927654489800009, -0.27072345510200002], "hora2": [-1.2253143156433096e-05, 0.503884505624, -0.496115494376], "temperatura3": [-6.6213118776858997e-08, 0.72927654489800009, -0.27072345510200002], "humedad3": [-7.4253371431993135e-08, 0.0024469155091, -0.997553084491], "fecha": [-4.1198609773616035e-05, 0.49791275970600002, -0.50208724029399998], "targetHour": [2.4501378609074408e-05, 0.503884505624, -0.496115494376], "humedad0": [-4.8028417734212456e-08, 0.0024469155091, -0.997553084491], "humedad1": [-5.9878211627143181e-08, 0.0024469155091, -0.997553084491], "hora1": [-2.4664539576434636e-05, 0.503884505624, -0.496115494376], "hora0": [-3.6836102249187461e-05, 0.503884505624, -0.496115494376], "hora3": [-8.1580483680176971e-08, 0.503884505624, -0.496115494376], "codigo": [-4.070923367203816e-05, 0.49199822860499998, -0.50800177139500002], "radiacion2": [7.2400565439892531e-06, 0.91249908984599992, -0.087500910153999995], "radiacion3": [7.2400565439899883e-06, 0.91249908984599992, -0.087500910153999995], "radiacion0": [7.2400565439893022e-06, 0.91249908984599992, -0.087500910153999995], "radiacion1": [7.2400565439897435e-06, 0.91249908984599992, -0.087500910153999995]}