{"hora": [1236.9260733180392, 2400.0, 100.0], "temperatura": [9.3873483777330389, 133.59999999999999, -11.93], "radiacion": [109.85215010066014, 987.0, 0.0], "fecha": [20151079.823975842, 20151220.0, 20150921.0], "humedad": [81.284677934360232, 100.0, 0.0], "codigo": [25.636069104358818, 51, 0]}