{"hora": [1239.3862720517957, 2400.0, 100.0], "temperatura": [13.327086339228247, 34.770000000000003, -28.550000000000001], "radiacion": [259.78473506498494, 1963.0, 0.0], "fecha": [20150480.11710206, 20150622.0, 20140627.0], "humedad": [66.581296445725258, 100.0, -1.8400000000000001], "codigo": [26.368486525170148, 54, 0]}