{"temperatura0": [4.2786992796325183e-07, 0.72927654489800009, -0.27072345510200002], "temperatura1": [1.9126247854264197e-07, 0.72927654489800009, -0.27072345510200002], "fecha": [-2.7464979724640066e-05, 0.49791275970600002, -0.50208724029399998], "targetHour": [1.2796351709628429e-05, 0.503884505624, -0.496115494376], "humedad0": [-4.3673275667077451e-08, 0.0024469155091, -0.997553084491], "humedad1": [-5.0472150217795959e-08, 0.0024469155091, -0.997553084491], "hora1": [-1.2985065045170464e-05, 0.503884505624, -0.496115494376], "hora0": [-2.5755859856260412e-05, 0.503884505624, -0.496115494376], "codigo": [-2.7138740599101353e-05, 0.49199822860499998, -0.50800177139500002], "radiacion0": [4.8265712383865525e-06, 0.91249908984599992, -0.087500910153999995], "radiacion1": [4.826571238386993e-06, 0.91249908984599992, -0.087500910153999995]}